CUST001,John Doe,john.doe_new@example.com,123-456-7890
CUST002,Jane Smith,jane.smith@example.com,123-456-7801
CUST003,Alice Johnson,alice.johnson_new@example.com,123-456-7802
CUST004,Bob Brown,bob.brown@example.com,123-456-7803
CUST005,Charlie Davis,charlie.davis@example.com,123-456-7804
CUST011,Ivy King,ivy.king@example.com,123-456-7810
CUST012,Jack Lee,jack.lee@example.com,123-456-7811
CUST013,Kathy Miller,kathy.miller@example.com,123-456-7812
CUST014,Larry Nelson,larry.nelson@example.com,123-456-7813
CUST015,Monica Oliver,monica.oliver@example.com,123-456-7814
